{
  "timestamp": "2026-04-21T10:30:47.393270Z",
  "strategy": "fixed",
  "chunk_count": 664,
  "avg_chunk_chars": 312.60843373493975,
  "chunk_size": 900,
  "chunk_overlap": 120
}